PC,loading
1,0.03008040535030151
2,0.011425292284542154
3,0.0035395978049018967
